id, question, answer
1, "Коли та де відбудеться лекція?", "Лекція <b>«Хто така Студрада ФІОТ»</b> відбудеться <b>4 жовтня о 14:00</b>.

📍 <b>Офлайн:</b> <a href=""https://maps.app.goo.gl/Xf2p69hudhib6iSz7?g_st=ic"">18 корпус КПІ ім. Ігоря Сікорського</a>
💻 <b>Онлайн:</b> <a href=""https://www.youtube.com/@studentcouncilfice"">онлайн-трансляція на YouTube</a>

💡 <a href=""https://serv1.vlix.io/media/videos/h264/a9eef9bba69c7d4e8710.mp4"">Відео-анонс лекції</a>"
2, "Чи можна змінити формат участі (онлайн / офлайн)?", "Так, звичайно! Якщо твої плани змінилися, ти можеш будь-коли змінити формат присутності:
перейди в меню <b>«🪪 Мій профіль»</b> → натисни кнопку <b>«🔄 Змінити формат (онлайн/офлайн)»</b> та обери новий варіант."
3, "Про що буде лекція?", "Ми детально розкажемо про структуру Студради ФІОТ, діяльність наших департаментів, масштабні проєкти та можливості для самореалізації в студентському самоврядуванні."
4, "Як вступити до Студради ФІОТ?", "Одразу після завершення лекції ми відкриємо офіційний набір до Студради ФІОТ! На лекції ти дізнаєшся все про роботу команди та зможеш визначитися з департаментом."
5, "Де стежити за новинами та оновленнями?", "Слідкуй за всіма анонсами в нашому Telegram-каналі <a href=""https://t.me/fice_time"">FICE Time 🇺🇦</a> та підписуйся на наш <a href=""https://www.youtube.com/@studentcouncilfice"">YouTube-канал</a>."
